[
    {"courseId":106, "courseName":"HTML","coursePrice":4000,"courseDescrption":"HTML training for 25 days","courseImg":"assets/image/html.png"},
    {"courseId":107, "courseName":"CSS","coursePrice":5000,"courseDescrption":"CSS training for 15 days","courseImg":"assets/image/css.jpg"},
    {"courseId":108, "courseName":"java script","coursePrice":6000,"courseDescrption":"java script training for 10 days","courseImg":"assets/image/js.jpg"},
    {"courseId":109, "courseName":"angular","coursePrice":15000,"courseDescrption":"angular training for 15 days","courseImg":"assets/image/angular.jpg"},
    {"courseId":109, "courseName":"RestApi","coursePrice":12000,"courseDescrption":"RestApi training for 12 days","courseImg":"assets/image/restapi.jpg"}
]